{
    "large_marker": {
        "Grasp1": [
            [
                -0.27289000153541565,
                -0.651919960975647,
                0.12794002890586853
            ],
            [
                -0.2954041361808777,
                -0.6497112512588501,
                0.018722593784332275
            ],
            [
                -0.4020300805568695,
                0.5515299439430237,
                0.07205996662378311
            ],
            [
                0.0,
                0.0,
                0.0
            ]
        ],
        "grasp2": {
            "GraspPoints": [
                [
                    -0.42945998907089233,
                    -0.423550009727478,
                    0.13857997953891754
                ],
                [
                    -0.39000004529953003,
                    -0.36396071314811707,
                    0.17188481986522675
                ],
                [
                    -0.2669868469238281,
                    -0.3523175120353699,
                    0.06455560028553009
                ],
                [
                    -0.27350014448165894,
                    0.036979980766773224,
                    0.1216999813914299
                ]
            ],
            "RobotHand": "SAHandRight"
        },
        "grasp3": {
            "GraspPoints": [
                [
                    -0.3004452884197235,
                    0.06922008842229843,
                    0.026362361386418343
                ],
                [
                    -0.30122002959251404,
                    0.3376700282096863,
                    0.14760009944438934
                ],
                [
                    -0.3034899830818176,
                    -0.11852999031543732,
                    0.16432003676891327
                ],
                [
                    -0.3015998899936676,
                    -0.5888999700546265,
                    0.1720299869775772
                ]
            ],
            "RobotHand": "SAHandRight"
        },
        "grasp4": {
            "GraspPoints": [
                [
                    -0.43045002222061157,
                    0.4932100176811218,
                    0.02187003195285797
                ],
                [
                    -0.3506700098514557,
                    0.4941900670528412,
                    -0.0007799911545589566
                ],
                [
                    -0.263480007648468,
                    -0.648389995098114,
                    0.1267099529504776
                ],
                [
                    -0.2532739043235779,
                    -0.6264317035675049,
                    0.0750390961766243
                ]
            ],
            "RobotHand": "SAHandRight"
        },
        "grasp5": {
            "GraspPoints": [
                [
                    -0.38033008575439453,
                    -0.13088999688625336,
                    0.0012499713338911533
                ],
                [
                    -0.31001368165016174,
                    -0.14697444438934326,
                    0.013619528152048588
                ],
                [
                    -0.2773645222187042,
                    0.03533123806118965,
                    0.1298334002494812
                ],
                [
                    -0.27871042490005493,
                    -0.3828909993171692,
                    0.14538909494876862
                ]
            ],
            "RobotHand": "SAHandRight"
        },
        "grasp6": {
            "GraspPoints": [
                [
                    -0.2802099585533142,
                    -0.0992099940776825,
                    0.139179989695549
                ],
                [
                    -0.34126442670822144,
                    -0.043562669306993484,
                    0.17493373155593872
                ],
                [
                    -0.44705134630203247,
                    0.14529065787792206,
                    0.09860000014305115
                ],
                [
                    -0.44394996762275696,
                    -0.2465600222349167,
                    0.07826996594667435
                ]
            ],
            "RobotHand": "SAHandRight"
        }
    }
}